{
    "cameras": [
        {
            "captureId": 0,
            "imageName": "Auto_20250801_193712_957_0000",
            "position": {
                "x": -0.9200000166893005,
                "y": 1.6799999475479127,
                "z": 0.4321032464504242
            },
            "rotation": {
                "x": 0.28881222009658816,
                "y": -0.1487746685743332,
                "z": 0.045485030859708789,
                "w": 0.9446612596511841
            },
            "timestamp": 3.1032347679138185,
            "source": 1,
            "projectionMatrix": {
                "e00": 0.9311909675598145,
                "e01": 0.0,
                "e02": 0.0,
                "e03": 0.0,
                "e10": 0.0,
                "e11": 1.7320507764816285,
                "e12": 0.0,
                "e13": 0.0,
                "e20": 0.0,
                "e21": 0.0,
                "e22": -1.0006000995635987,
                "e23": -0.6001800298690796,
                "e30": 0.0,
                "e31": 0.0,
                "e32": -1.0,
                "e33": 0.0
            },
            "worldToCameraMatrix": {
                "e00": 0.9515944123268127,
                "e01": 7.450580596923828e-9,
                "e02": 0.307356595993042,
                "e03": 0.7426570653915405,
                "e10": -0.17187178134918214,
                "e11": 0.8290372490882874,
                "e12": 0.5321253538131714,
                "e13": -1.7808377742767335,
                "e20": 0.254810094833374,
                "e21": 0.55919349193573,
                "e22": -0.7889071702957153,
                "e23": -0.3641303777694702,
                "e30": 0.0,
                "e31": 0.0,
                "e32": 0.0,
                "e33": 1.0
            },
            "fieldOfView": 60.0
        },
        {
            "captureId": 1,
            "imageName": "Auto_20250801_193715_958_0001",
            "position": {
                "x": -4.426498889923096,
                "y": 1.6799999475479127,
                "z": 3.504741907119751
            },
            "rotation": {
                "x": -0.07335055619478226,
                "y": -0.8782437443733215,
                "z": 0.14303137362003327,
                "w": -0.4503883719444275
            },
            "timestamp": 6.0954203605651859,
            "source": 1,
            "projectionMatrix": {
                "e00": 0.9311909675598145,
                "e01": 0.0,
                "e02": 0.0,
                "e03": 0.0,
                "e10": 0.0,
                "e11": 1.7320507764816285,
                "e12": 0.0,
                "e13": 0.0,
                "e20": 0.0,
                "e21": 0.0,
                "e22": -1.0006000995635987,
                "e23": -0.6001800298690796,
                "e30": 0.0,
                "e31": 0.0,
                "e32": -1.0,
                "e33": 0.0
            },
            "worldToCameraMatrix": {
                "e00": -0.5835400819778442,
                "e01": 0.0,
                "e02": -0.8120843768119812,
                "e03": 0.2631065845489502,
                "e10": 0.25767865777015688,
                "e11": 0.9483234286308289,
                "e12": -0.18516035377979279,
                "e13": 0.19637024402618409,
                "e20": -0.7701186537742615,
                "e21": 0.317305326461792,
                "e22": 0.5533847808837891,
                "e23": -5.881473064422607,
                "e30": 0.0,
                "e31": 0.0,
                "e32": 0.0,
                "e33": 1.0
            },
            "fieldOfView": 60.0
        },
        {
            "captureId": 2,
            "imageName": "Auto_20250801_193718_957_0002",
            "position": {
                "x": 3.60539174079895,
                "y": 1.6799999475479127,
                "z": -1.9315227270126343
            },
            "rotation": {
                "x": -0.12182886898517609,
                "y": 0.5797036290168762,
                "z": -0.08818960934877396,
                "w": -0.8008270859718323
            },
            "timestamp": 9.092161178588868,
            "source": 1,
            "projectionMatrix": {
                "e00": 0.9311909675598145,
                "e01": 0.0,
                "e02": 0.0,
                "e03": 0.0,
                "e10": 0.0,
                "e11": 1.7320507764816285,
                "e12": 0.0,
                "e13": 0.0,
                "e20": 0.0,
                "e21": 0.0,
                "e22": -1.0006000995635987,
                "e23": -0.6001800298690796,
                "e30": 0.0,
                "e31": 0.0,
                "e32": -1.0,
                "e33": 0.0
            },
            "worldToCameraMatrix": {
                "e00": 0.3123326301574707,
                "e01": -1.4901161193847657e-8,
                "e02": 0.9499728083610535,
                "e03": 0.7088125944137573,
                "e10": -0.2824985384941101,
                "e11": 0.9547606110572815,
                "e12": 0.09288004040718079,
                "e13": -0.40608012676239016,
                "e20": 0.9069966673851013,
                "e21": 0.2973753809928894,
                "e22": -0.29820287227630618,
                "e23": -4.345654487609863,
                "e30": 0.0,
                "e31": 0.0,
                "e32": 0.0,
                "e33": 1.0
            },
            "fieldOfView": 60.0
        },
        {
            "captureId": 3,
            "imageName": "Auto_20250801_193721_960_0003",
            "position": {
                "x": -4.094405174255371,
                "y": 1.6799999475479127,
                "z": 0.45182308554649355
            },
            "rotation": {
                "x": 0.10928253829479218,
                "y": 0.7848710417747498,
                "z": -0.14475923776626588,
                "w": 0.5925197601318359
            },
            "timestamp": 12.091567039489746,
            "source": 1,
            "projectionMatrix": {
                "e00": 0.9311909675598145,
                "e01": 0.0,
                "e02": 0.0,
                "e03": 0.0,
                "e10": 0.0,
                "e11": 1.7320507764816285,
                "e12": 0.0,
                "e13": 0.0,
                "e20": 0.0,
                "e21": 0.0,
                "e22": -1.0006000995635987,
                "e23": -0.6001800298690796,
                "e30": 0.0,
                "e31": 0.0,
                "e32": -1.0,
                "e33": 0.0
            },
            "worldToCameraMatrix": {
                "e00": -0.2739555835723877,
                "e01": -1.4901161193847657e-8,
                "e02": -0.9617425203323364,
                "e03": -0.6871476173400879,
                "e10": 0.34309083223342898,
                "e11": 0.9342041611671448,
                "e12": -0.09773053228855133,
                "e13": -0.12055313587188721,
                "e20": -0.8984638452529907,
                "e21": 0.356738805770874,
                "e22": 0.25593042373657229,
                "e23": -4.393631458282471,
                "e30": 0.0,
                "e31": 0.0,
                "e32": 0.0,
                "e33": 1.0
            },
            "fieldOfView": 60.0
        },
        {
            "captureId": 4,
            "imageName": "Auto_20250801_193724_961_0004",
            "position": {
                "x": 4.618830680847168,
                "y": 1.6799999475479127,
                "z": -4.5691609382629398
            },
            "rotation": {
                "x": 0.12381735444068909,
                "y": -0.4625561535358429,
                "z": 0.06541981548070908,
                "w": 0.875460684299469
            },
            "timestamp": 15.095471382141114,
            "source": 1,
            "projectionMatrix": {
                "e00": 0.9311909675598145,
                "e01": 0.0,
                "e02": 0.0,