{
    "cameras": [
        {
            "captureId": 0,
            "imageName": "Auto_20250803_102649_300_0000",
            "position": {
                "x": -0.9200000166893005,
                "y": 1.6799999475479127,
                "z": 0.4321032464504242
            },
            "rotation": {
                "x": 0.4324934482574463,
                "y": 0.25712665915489199,
                "z": -0.1301659196615219,
                "w": 0.8543373346328735
            },
            "timestamp": 3.102219581604004,
            "source": 1,
            "projectionMatrix": {
                "e00": 0.9311909675598145,
                "e01": 0.0,
                "e02": 0.0,
                "e03": 0.0,
                "e10": 0.0,
                "e11": 1.7320507764816285,
                "e12": 0.0,
                "e13": 0.0,
                "e20": 0.0,
                "e21": 0.0,
                "e22": -1.0006000995635987,
                "e23": -0.6001800298690796,
                "e30": 0.0,
                "e31": 0.0,
                "e32": -1.0,
                "e33": 0.0
            },
            "worldToCameraMatrix": {
                "e00": 0.8338854312896729,
                "e01": -2.9802322387695315e-8,
                "e02": -0.5519376397132874,
                "e03": 1.0056686401367188,
                "e10": 0.44482240080833437,
                "e11": 0.5920125246047974,
                "e12": 0.6720523238182068,
                "e13": -0.8757403492927551,
                "e20": -0.32675397396087649,
                "e21": 0.8059288859367371,
                "e22": -0.49367058277130129,
                "e23": -1.4412574768066407,
                "e30": 0.0,
                "e31": 0.0,
                "e32": 0.0,
                "e33": 1.0
            },
            "fieldOfView": 60.0
        },
        {
            "captureId": 1,
            "imageName": "Auto_20250803_102652_302_0001",
            "position": {
                "x": 4.026729106903076,
                "y": 1.6799999475479127,
                "z": -1.5538657903671265
            },
            "rotation": {
                "x": -0.07689642906188965,
                "y": 0.6127228140830994,
                "z": -0.06007802113890648,
                "w": -0.7842501401901245
            },
            "timestamp": 6.098420143127441,
            "source": 1,
            "projectionMatrix": {
                "e00": 0.9311909675598145,
                "e01": 0.0,
                "e02": 0.0,
                "e03": 0.0,
                "e10": 0.0,
                "e11": 1.7320507764816285,
                "e12": 0.0,
                "e13": 0.0,
                "e20": 0.0,
                "e21": 0.0,
                "e22": -1.0006000995635987,
                "e23": -0.6001800298690796,
                "e30": 0.0,
                "e31": 0.0,
                "e32": -1.0,
                "e33": 0.0
            },
            "worldToCameraMatrix": {
                "e00": 0.2419227957725525,
                "e01": 0.0,
                "e02": 0.9702954888343811,
                "e03": 0.5335513353347778,
                "e10": -0.18846479058265687,
                "e11": 0.9809551239013672,
                "e12": 0.04698972404003143,
                "e13": -0.8160921931266785,
                "e20": 0.9518163800239563,
                "e21": 0.19423441588878632,
                "e22": -0.23731541633605958,
                "e23": -4.527776718139648,
                "e30": 0.0,
                "e31": 0.0,
                "e32": 0.0,
                "e33": 1.0
            },
            "fieldOfView": 60.0
        },
        {
            "captureId": 2,
            "imageName": "Auto_20250803_102655_305_0002",
            "position": {
                "x": -5.289947032928467,
                "y": 1.6799999475479127,
                "z": 1.4874200820922852
            },
            "rotation": {
                "x": -0.07203889638185501,
                "y": -0.8063622713088989,
                "z": 0.10043787211179733,
                "w": -0.578361988067627
            },
            "timestamp": 9.094650268554688,
            "source": 1,
            "projectionMatrix": {
                "e00": 0.9311909675598145,
                "e01": 0.0,
                "e02": 0.0,
                "e03": 0.0,
                "e10": 0.0,
                "e11": 1.7320507764816285,
                "e12": 0.0,
                "e13": 0.0,
                "e20": 0.0,
                "e21": 0.0,
                "e22": -1.0006000995635987,
                "e23": -0.6001800298690796,
                "e30": 0.0,
                "e31": 0.0,
                "e32": -1.0,
                "e33": 0.0
            },
            "worldToCameraMatrix": {
                "e00": -0.3206157684326172,
                "e01": 0.0,
                "e02": -0.9472094774246216,
                "e03": -0.2871420383453369,
                "e10": 0.23235778510570527,
                "e11": 0.9694452881813049,
                "e12": -0.07864949852228165,
                "e13": -0.2825227975845337,
                "e20": -0.9182677268981934,
                "e21": 0.24530774354934693,
                "e22": 0.3108193874359131,
                "e23": -5.7320237159729,
                "e30": 0.0,
                "e31": 0.0,
                "e32": 0.0,
                "e33": 1.0
            },
            "fieldOfView": 60.0
        },
        {
            "captureId": 3,
            "imageName": "Auto_20250803_102658_307_0003",
            "position": {
                "x": 5.6371002197265629,
                "y": 1.6799999475479127,
                "z": 1.001943826675415
            },
            "rotation": {
                "x": 0.09629755467176438,
                "y": -0.7705985307693481,
                "z": 0.11998385190963745,
                "w": 0.6184728741645813
            },
            "timestamp": 12.099223136901856,
            "source": 1,
            "projectionMatrix": {
                "e00": 0.9311909675598145,
                "e01": 0.0,
                "e02": 0.0,
                "e03": 0.0,
                "e10": 0.0,
                "e11": 1.7320507764816285,
                "e12": 0.0,
                "e13": 0.0,
                "e20": 0.0,
                "e21": 0.0,
                "e22": -1.0006000995635987,
                "e23": -0.6001800298690796,
                "e30": 0.0,
                "e31": 0.0,
                "e32": -1.0,
                "e33": 0.0
            },
            "worldToCameraMatrix": {
                "e00": -0.216436505317688,
                "e01": 0.0,
                "e02": 0.9762969017028809,
                "e03": 0.2418796420097351,
                "e10": -0.2968270182609558,
                "e11": 0.9526613354682922,
                "e12": -0.0658039078116417,
                "e13": 0.13870441913604737,
                "e20": 0.9300802946090698,
                "e21": 0.3040336072444916,
                "e22": 0.20619070529937745,
                "e23": -5.960323810577393,
                "e30": 0.0,
                "e31": 0.0,
                "e32": 0.0,
                "e33": 1.0
            },
            "fieldOfView": 60.0
        },
        {
            "captureId": 4,
            "imageName": "Manual_20250803_102659_083_0004",
            "position": {
                "x": 5.5234599113464359,
                "y": 1.6799999475479127,
                "z": -2.801600694656372
            },
            "rotation": {
                "x": 0.1508007049560547,
                "y": -0.5286397337913513,
                "z": 0.0960703194141388,
                "w": 0.8298010230064392
            },
            "timestamp": 12.871804237365723,
            "source": 0,
            "projectionMatrix": {
                "e00": 0.9311909675598145,
                "e01": 0.0,
                "e02": 0.0,
                "e03": 0.0,
                "e10": 0.0,